{
	"": {
		"conditions": [
			{
				"c2id": 0,
				"id": "isenabled0",
				"scriptName": "IsEnabled",
				"highlight": false
			}
		],
		"actions": [
			{
				"c2id": 0,
				"id": "setvalue0",
				"scriptName": "setValue",
				"highlight": false,
				"params": [
					{"id":"value0", "type":"any"}
				]
			},
			{
				"c2id": 1,
				"id": "setenabled1",
				"scriptName": "setEnabled",
				"highlight": false,
				"params": [
					{"id":"state2", "type":"combo", "items":["disabled","enabled"]}
				]
			}
		],
		"expressions": [
			{
				"c2id": 0,
				"id": "value0",
				"expressionName": "value",
				"scriptName": "value",
				"highlight": false,
				"returnType": "any"
			}
		]
	}
}
