{
  "load": {
    "conditions": [],
    "actions": [
      {
        "id": "loadfromurl",
        "scriptName": "LoadFromURL",
        "highlight": true,
        "isAsync":true,
        "params": [
          {
            "id": "url",
            "type": "string"
          },
          {
            "id": "size",
            "type": "combo",
            "items": ["resize-to-image-size", "keep-current-size"]
          }
        ]
      }
    ],
    "expressions": []
  },

  "appearance": {
  "conditions": [],
  "expressions": [],
  "actions": [{
            "id": "set-blend-mode",
            "scriptName": "SetEffect",
            "hideInSimplifiedMode": true,
            "params": [{
                    "id": "blend-mode",
                    "type": "combo",
                    "items": ["normal", "additive", "xor", "copy", "destination-over", "source-in", "destination-in", "source-out", "destination-out", "source-atop", "destination-atop"]
                }
            ]
        }
  ]
}
}